order_id,score
KO2610504,0.16556291390728478
KO2610505,0.10884353741496598
KO2610506,0.14814814814814814
KO2610507,0.0
KO2610508,0.0
KO2610509,0.027303754266211604
KO2610510,0.06449975911579413
KO2610511,0.2571428571428571
KO2610512,0.027777777777777776
KO2610513,0.6666666666666666
KO2610514,0.10884353741496598
KO2610515,0.05309734513274336
KO2610516,0.05309734513274336
KO2610517,0.16556291390728478
KO2610518,0.05309734513274336
KO2610519,0.05309734513274336
KO2610520,0.08403361344537816
KO2610521,0.2571428571428571
KO2610522,0.05309734513274336
KO2610523,0.05309734513274336
KO2610524,0.25
KO2610525,0.2571428571428571
KO2610526,0.2571428571428571
KO2610527,0.0
KO2610528,0.027777777777777776
KO2610529,0.08270676691729323
KO2610530,0.14375
KO2610531,0.027303754266211604
KO2610532,0.027777777777777776
KO2610533,0.027303754266211604
KO2610534,0.05309734513274336
KO2610535,0.0
KO2610536,0.027777777777777776
KO2610537,0.05309734513274336
KO2610538,0.05309734513274336
KO2610539,0.2571428571428571
KO2610540,0.2571428571428571
KO2610541,0.2571428571428571
KO2610542,0.08403361344537816
KO2610543,0.25
KO2610544,0.14814814814814814
KO2610545,0.2571428571428571
KO2610546,0.05309734513274336
KO2610547,0.08403361344537816
KO2610548,0.027303754266211604
KO2610549,0.10884353741496598
KO2610550,0.05309734513274336
KO2610551,0.05309734513274336
KO2610552,0.08403361344537816
KO2610553,0.027303754266211604
KO2610554,0.10884353741496598
KO2610555,0.2571428571428571
KO2610556,0.16556291390728478
KO2610557,0.2571428571428571
KO2610558,0.05309734513274336
KO2610559,0.05309734513274336
KO2610560,0.017094017094017096
KO2610561,0.08403361344537816
KO2610562,0.08270676691729323
KO2610563,0.0
KO2610564,0.027303754266211604
KO2610565,0.16556291390728478
KO2610566,0.017094017094017096
KO2610567,0.05309734513274336
KO2610568,0.017094017094017096
KO2610569,0.25
KO2610570,0.027303754266211604
KO2610571,0.08270676691729323
KO2610572,0.0
KO2610573,0.2571428571428571
KO2610574,0.14375
KO2610575,0.2571428571428571
KO2610576,0.017094017094017096
KO2610577,0.16556291390728478
KO2610578,0.08270676691729323
KO2610579,0.08270676691729323
KO2610580,0.8002417886078276
KO2610581,0.14814814814814814
KO2610582,0.16556291390728478
KO2610583,0.08403361344537816
KO2610584,0.027777777777777776
KO2610585,0.14375
KO2610586,0.027303754266211604
KO2610587,0.14375
KO2610588,0.16556291390728478
KO2610589,0.027303754266211604
KO2610590,0.027303754266211604
KO2610591,0.027303754266211604
KO2610592,0.027777777777777776
KO2610593,0.16556291390728478
KO2610594,0.08403361344537816
KO2610595,0.027303754266211604
KO2610596,0.2571428571428571
KO2610597,0.0
KO2610598,0.25
KO2610599,0.10884353741496598
KO2610600,0.05309734513274336
KO2610601,0.05309734513274336
KO2610602,0.027303754266211604
KO2610603,0.16556291390728478
KO2610604,0.08270676691729323
KO2610605,0.027303754266211604
KO2610606,0.10884353741496598
KO2610607,0.08403361344537816
KO2610608,0.027303754266211604
KO2610609,0.027303754266211604
KO2610610,0.16556291390728478
KO2610611,0.08403361344537816
KO2610612,0.25
KO2610613,0.027777777777777776
KO2610614,0.10884353741496598
KO2610615,0.027303754266211604
KO2610616,0.25
KO2610617,0.14375
KO2610618,0.05309734513274336
KO2610619,0.027777777777777776
KO2610620,0.14814814814814814
KO2610621,0.2571428571428571
KO2610622,0.08270676691729323
KO2610623,0.10884353741496598
KO2610624,0.027303754266211604
KO2610625,0.16556291390728478
KO2610626,0.10884353741496598
KO2610627,0.2571428571428571
KO2610628,0.2571428571428571
KO2610629,0.027303754266211604
KO2610630,0.05309734513274336
KO2610631,0.14814814814814814
KO2610632,0.2571428571428571
KO2610633,0.08403361344537816
KO2610634,0.2571428571428571
KO2610635,0.16556291390728478
KO2610636,0.0
KO2610637,0.08270676691729323
KO2610638,0.05309734513274336
KO2610639,0.027303754266211604
KO2610640,0.14814814814814814
KO2610641,0.027303754266211604
KO2610642,0.08403361344537816
KO2610643,0.027303754266211604
KO2610644,0.05309734513274336
KO2610645,0.027303754266211604
KO2610646,0.05309734513274336
KO2610647,0.16556291390728478
KO2610648,0.05309734513274336
KO2610649,0.6666666666666666
KO2610650,0.25
KO2610651,0.08403361344537816
KO2610652,0.08403361344537816
KO2610653,0.05309734513274336
KO2610654,0.14375
KO2610655,0.027303754266211604
KO2610656,0.16556291390728478
KO2610657,0.027303754266211604
KO2610658,0.25
KO2610659,0.25
KO2610660,0.0
KO2610661,0.08270676691729323
KO2610662,0.05309734513274336
KO2610663,0.027777777777777776
KO2610664,0.6666666666666666
KO2610665,0.16556291390728478
KO2610666,0.391304347826087
KO2610667,0.14814814814814814
KO2610668,0.14814814814814814
KO2610669,0.08270676691729323
KO2610670,0.16556291390728478
KO2610671,0.05309734513274336
KO2610672,0.027303754266211604
KO2610673,0.08403361344537816
KO2610674,0.08270676691729323
KO2610675,0.05309734513274336
KO2610676,0.10884353741496598
KO2610677,0.05309734513274336
KO2610678,0.0
KO2610679,0.391304347826087
KO2610680,0.0
KO2610681,0.027777777777777776
KO2610682,0.08403361344537816
KO2610683,0.05309734513274336
KO2610684,0.05309734513274336
KO2610685,0.16556291390728478
KO2610686,0.391304347826087
KO2610687,0.027777777777777776
KO2610688,0.10884353741496598
KO2610689,0.14375
KO2610690,0.027303754266211604
KO2610691,0.10884353741496598
KO2610692,0.10884353741496598
KO2610693,0.05309734513274336
KO2610694,0.08403361344537816
KO2610695,0.6666666666666666
KO2610696,0.10884353741496598
KO2610697,0.25
KO2610698,0.08403361344537816
KO2610699,0.027303754266211604
KO2610700,0.027777777777777776
KO2610701,0.027303754266211604
KO2610702,0.08403361344537816
KO2610703,0.14814814814814814
KO2610704,0.05309734513274336
KO2610705,1.0
KO2610706,0.391304347826087
KO2610707,0.05309734513274336
KO2610708,0.08403361344537816
KO2610709,0.08270676691729323
KO2610710,0.2571428571428571
KO2610711,0.08403361344537816
KO2610712,0.391304347826087
KO2610713,0.16556291390728478
KO2610714,0.16556291390728478
KO2610715,0.027303754266211604
KO2610716,0.08270676691729323
KO2610717,0.015550222008020823
KO2610718,0.08403361344537816
KO2610719,0.027303754266211604
KO2610720,0.08270676691729323
KO2610721,0.05309734513274336
KO2610722,0.05309734513274336
KO2610723,0.391304347826087
KO2610724,0.027303754266211604
KO2610725,0.027777777777777776
KO2610726,0.05309734513274336
KO2610727,0.08403361344537816
KO2610728,0.16556291390728478
KO2610729,0.10884353741496598
KO2610730,0.05309734513274336
KO2610731,0.14375
KO2610732,0.027303754266211604
KO2610733,0.05309734513274336
KO2610734,0.14375
KO2610735,0.14814814814814814
KO2610736,0.08403361344537816
KO2610737,0.08270676691729323
KO2610738,0.027303754266211604
KO2610739,0.14375
KO2610740,0.10884353741496598
KO2610741,0.05309734513274336
KO2610742,0.05309734513274336
KO2610743,0.10884353741496598
KO2610744,0.027777777777777776
KO2610745,0.14375
KO2610746,0.14375
KO2610747,0.027303754266211604
KO2610748,0.2571428571428571
KO2610749,0.08270676691729323
KO2610750,0.08270676691729323
KO2610751,0.05309734513274336
KO2610752,0.0
KO2610753,0.16556291390728478
KO2610754,0.16556291390728478
KO2610755,0.391304347826087
KO2610756,0.08403361344537816
KO2610757,0.16556291390728478
KO2610758,0.05309734513274336
KO2610759,0.10884353741496598
KO2610760,0.08270676691729323
KO2610761,0.14375
KO2610762,0.14375
KO2610763,0.08270676691729323
KO2610764,0.0
KO2610765,0.10884353741496598
KO2610766,0.10884353741496598
KO2610767,0.027303754266211604
KO2610768,0.027303754266211604
KO2610769,0.05309734513274336
KO2610770,0.027303754266211604
KO2610771,0.05309734513274336
KO2610772,0.6666666666666666
KO2610773,0.017094017094017096
KO2610774,0.08270676691729323
KO2610775,0.25
KO2610776,0.027303754266211604
KO2610777,0.391304347826087
KO2610778,0.08403361344537816
KO2610779,0.027303754266211604
KO2610780,0.027303754266211604
KO2610781,0.08270676691729323
KO2610782,0.2571428571428571
KO2610783,0.08403361344537816
KO2610784,0.027303754266211604
KO2610785,0.25
KO2610786,0.027303754266211604
KO2610787,0.027303754266211604
KO2610788,0.027303754266211604
KO2610789,0.2571428571428571
KO2610790,0.7142857142857143
KO2610791,0.10884353741496598
KO2610792,0.027303754266211604
KO2610793,0.10884353741496598
KO2610794,0.027777777777777776
KO2610795,0.2571428571428571
KO2610796,0.10884353741496598
KO2610797,0.10884353741496598
KO2610798,0.017094017094017096
KO2610799,0.08403361344537816
KO2610800,0.10884353741496598
KO2610801,0.14375
KO2610802,0.027303754266211604
KO2610803,0.08403361344537816
KO2610804,0.08270676691729323
KO2610805,0.14814814814814814
KO2610806,0.10884353741496598
KO2610807,0.027303754266211604
KO2610808,0.027303754266211604
KO2610809,0.05309734513274336
KO2610810,0.16556291390728478
KO2610811,0.08403361344537816
KO2610812,0.391304347826087
KO2610813,0.027303754266211604
KO2610814,0.6666666666666666
KO2610815,0.05309734513274336
KO2610816,0.017094017094017096
KO2610817,0.14375
KO2610818,0.391304347826087
KO2610819,0.05309734513274336
KO2610820,0.14375
KO2610821,0.391304347826087
KO2610822,0.027303754266211604
KO2610823,0.05309734513274336
KO2610824,0.0
KO2610825,0.027303754266211604
KO2610826,0.08270676691729323
KO2610827,0.08403361344537816
KO2610828,0.05309734513274336
KO2610829,0.16556291390728478
KO2610830,0.08403361344537816
KO2610831,0.027777777777777776
KO2610832,0.027303754266211604
KO2610833,0.08403361344537816
KO2610834,0.08403361344537816
KO2610835,0.05309734513274336
KO2610836,0.05309734513274336
KO2610837,0.05309734513274336
KO2610838,0.10884353741496598
KO2610839,0.017094017094017096
KO2610840,0.05309734513274336
KO2610841,0.2571428571428571
KO2610842,0.16556291390728478
KO2610843,0.14375
KO2610844,0.05309734513274336
KO2610845,0.16556291390728478
KO2610846,0.25
KO2610847,0.027777777777777776
KO2610848,0.0
KO2610849,0.05309734513274336
KO2610850,0.0
KO2610851,0.027303754266211604
KO2610852,0.05309734513274336
KO2610853,0.16556291390728478
KO2610854,0.2571428571428571
KO2610855,0.09147263657116833
KO2610856,0.08403361344537816
KO2610857,0.05309734513274336
KO2610858,0.7142857142857143
KO2610859,0.08403361344537816
KO2610860,0.6719332327185912
KO2610861,0.14375
KO2610862,0.08270676691729323
KO2610863,0.05309734513274336
KO2610864,0.08270676691729323
KO2610865,0.0
KO2610866,0.08403361344537816
KO2610867,0.14375
KO2610868,0.16556291390728478
KO2610869,0.0
KO2610870,0.05309734513274336
KO2610871,0.017094017094017096
KO2610872,0.05309734513274336
KO2610873,0.2571428571428571
KO2610874,0.2571428571428571
KO2610875,0.027303754266211604
KO2610876,0.16556291390728478
KO2610877,0.391304347826087
KO2610878,0.027303754266211604
KO2610879,0.10884353741496598
KO2610880,0.027303754266211604
KO2610881,0.027303754266211604
KO2610882,0.08270676691729323
KO2610883,0.027303754266211604
KO2610884,0.027303754266211604
KO2610885,0.25
KO2610886,0.25
KO2610887,0.05309734513274336
KO2610888,0.08270676691729323
KO2610889,0.05309734513274336
KO2610890,0.391304347826087
KO2610891,0.10884353741496598
KO2610892,0.16556291390728478
KO2610893,0.027303754266211604
KO2610894,0.14375
KO2610895,0.2571428571428571
KO2610896,0.391304347826087
KO2610897,0.08403361344537816
KO2610898,0.027303754266211604
KO2610899,0.391304347826087
KO2610900,0.05309734513274336
KO2610901,0.027303754266211604
KO2610902,0.08403361344537816
KO2610903,0.027303754266211604
KO2610904,0.14375
KO2610905,0.14375
KO2610906,0.017094017094017096
KO2610907,0.16556291390728478
KO2610908,0.05309734513274336
KO2610909,0.391304347826087
KO2610910,0.14375
KO2610911,0.08403361344537816
KO2610912,0.08403361344537816
KO2610913,0.027303754266211604
KO2610914,0.027303754266211604
KO2610915,0.027303754266211604
KO2610916,0.017094017094017096
KO2610917,0.08270676691729323
KO2610918,0.08403361344537816
KO2610919,0.16556291390728478
KO2610920,0.05309734513274336
KO2610921,0.10884353741496598
KO2610922,0.027303754266211604
KO2610923,0.14375
KO2610924,0.027303754266211604
KO2610925,0.0
KO2610926,0.16556291390728478
KO2610927,0.25
KO2610928,0.08270676691729323
KO2610929,0.017094017094017096
KO2610930,0.0
KO2610931,0.2571428571428571
KO2610932,0.017094017094017096
KO2610933,0.027303754266211604
KO2610934,0.017094017094017096
KO2610935,0.0
KO2610936,0.027303754266211604
KO2610937,0.14375
KO2610938,0.0
KO2610939,0.14375
KO2610940,0.2571428571428571
KO2610941,0.14375
KO2610942,0.027303754266211604
KO2610943,0.391304347826087
KO2610944,0.391304347826087
KO2610945,0.027303754266211604
KO2610946,0.05309734513274336
KO2610947,0.0
KO2610948,0.25
KO2610949,0.16556291390728478
KO2610950,0.017094017094017096
KO2610951,0.0
KO2610952,0.25
KO2610953,0.05309734513274336
KO2610954,0.2571428571428571
KO2610955,0.027303754266211604
KO2610956,0.16556291390728478
KO2610957,0.0
KO2610958,0.08403361344537816
KO2610959,0.14814814814814814
KO2610960,0.2571428571428571
KO2610961,0.027303754266211604
KO2610962,0.14375
KO2610963,0.027303754266211604
KO2610964,0.08403361344537816
KO2610965,0.027303754266211604
KO2610966,0.10884353741496598
KO2610967,0.08403361344537816
KO2610968,0.2571428571428571
KO2610969,0.2571428571428571
KO2610970,0.6666666666666666
KO2610971,0.027303754266211604
KO2610972,0.027303754266211604
KO2610973,0.10884353741496598
KO2610974,0.027303754266211604
KO2610975,0.10884353741496598
KO2610976,0.027303754266211604
KO2610977,0.08270676691729323
KO2610978,0.6666666666666666
KO2610979,0.05309734513274336
KO2610980,0.027303754266211604
KO2610981,0.08270676691729323
KO2610982,0.027303754266211604
KO2610983,0.16556291390728478
KO2610984,0.017094017094017096
KO2610985,0.017094017094017096
KO2610986,0.027303754266211604
KO2610987,0.08270676691729323
KO2610988,0.027303754266211604
KO2610989,0.027303754266211604
KO2610990,0.14375
KO2610991,0.017094017094017096
KO2610992,0.0
KO2610993,0.027303754266211604
KO2610994,0.14814814814814814
KO2610995,0.05309734513274336
KO2610996,0.05309734513274336
KO2610997,0.08403361344537816
KO2610998,0.16556291390728478
KO2610999,0.017094017094017096
KO2611000,0.08403361344537816
KO2611001,0.0
KO2611002,0.027303754266211604
KO2611003,0.25
KO2611004,0.05309734513274336
KO2611005,0.08270676691729323
KO2611006,0.05309734513274336
KO2611007,0.0
KO2611008,0.391304347826087
KO2611009,0.05309734513274336
KO2611010,0.05309734513274336
KO2611011,0.027777777777777776
KO2611012,0.05309734513274336
KO2611013,0.16556291390728478
KO2611014,0.05309734513274336
KO2611015,0.05309734513274336
KO2611016,0.10884353741496598
KO2611017,0.027303754266211604
KO2611018,0.7142857142857143
KO2611019,0.16556291390728478
KO2611020,0.05309734513274336
KO2611021,0.05309734513274336
KO2611022,0.027303754266211604
KO2611023,0.10884353741496598
KO2611024,0.25
KO2611025,0.14375
KO2611026,0.16556291390728478
KO2611027,0.0
KO2611028,0.10884353741496598
KO2611029,0.10884353741496598
KO2611030,0.391304347826087
KO2611031,0.027303754266211604
KO2611032,0.0
KO2611033,0.391304347826087
KO2611034,0.027303754266211604
KO2611035,0.08403361344537816
KO2611036,0.10884353741496598
KO2611037,0.14375
KO2611038,0.08403361344537816
KO2611039,0.05309734513274336
KO2611040,0.14375
KO2611041,0.16556291390728478
KO2611042,0.05309734513274336
KO2611043,0.14814814814814814
KO2611044,0.027303754266211604
KO2611045,0.05309734513274336
KO2611046,0.2571428571428571
KO2611047,0.05309734513274336
KO2611048,0.05309734513274336
KO2611049,0.0
KO2611050,0.027777777777777776
KO2611051,0.08403361344537816
KO2611052,0.08403361344537816
KO2611053,0.2571428571428571
KO2611054,0.16556291390728478
KO2611055,0.027777777777777776
KO2611056,0.14375
KO2611057,0.05309734513274336
KO2611058,0.2571428571428571
KO2611059,0.08403361344537816
KO2611060,0.027303754266211604
KO2611061,0.0
KO2611062,0.05309734513274336
KO2611063,0.08270676691729323
KO2611064,0.05309734513274336
KO2611065,0.05309734513274336
KO2611066,0.16556291390728478
KO2611067,0.14375
KO2611068,0.391304347826087
KO2611069,0.027303754266211604
KO2611070,0.25
KO2611071,0.8552019614299352
KO2611072,0.6666666666666666
KO2611073,0.027777777777777776
KO2611074,0.027303754266211604
KO2611075,0.7142857142857143
KO2611076,0.027303754266211604
KO2611077,0.05309734513274336
KO2611078,0.391304347826087
KO2611079,0.08403361344537816
KO2611080,0.017094017094017096
KO2611081,0.14375
KO2611082,0.05309734513274336
KO2611083,0.08403361344537816
KO2611084,0.10884353741496598
KO2611085,0.25
KO2611086,0.08403361344537816
KO2611087,0.2571428571428571
KO2611088,0.08270676691729323
KO2611089,0.10884353741496598
KO2611090,0.027777777777777776
KO2611091,0.027303754266211604
KO2611092,0.08403361344537816
KO2611093,0.08403361344537816
KO2611094,0.10884353741496598
KO2611095,0.027303754266211604
KO2611096,0.05309734513274336
KO2611097,0.0
KO2611098,0.027303754266211604
KO2611099,0.05309734513274336
KO2611100,0.027303754266211604
KO2611101,0.10884353741496598
KO2611102,0.08403361344537816
KO2611103,0.05309734513274336
KO2611104,0.027303754266211604
KO2611105,0.017094017094017096
KO2611106,0.2571428571428571
KO2611107,0.027303754266211604
KO2611108,0.08403361344537816
KO2611109,0.05309734513274336
KO2611110,0.10884353741496598
KO2611111,0.2571428571428571
KO2611112,0.027303754266211604
KO2611113,0.08403361344537816
KO2611114,0.027303754266211604
KO2611115,0.027303754266211604
KO2611116,0.14814814814814814
KO2611117,0.14375
KO2611118,0.08403361344537816
KO2611119,0.08403361344537816
KO2611120,0.05309734513274336
KO2611121,0.10884353741496598
KO2611122,0.10884353741496598
KO2611123,0.027303754266211604
KO2611124,0.08403361344537816
KO2611125,0.05309734513274336
KO2611126,0.2571428571428571
KO2611127,0.14814814814814814
KO2611128,0.0
KO2611129,0.0
KO2611130,0.05309734513274336
KO2611131,0.05309734513274336
KO2611132,0.14375
KO2611133,0.14375
KO2611134,0.05309734513274336
KO2611135,0.0
KO2611136,0.027303754266211604
KO2611137,0.027303754266211604
KO2611138,0.027303754266211604
KO2611139,0.14375
KO2611140,0.10884353741496598
KO2611141,0.14814814814814814
KO2611142,0.027777777777777776
KO2611143,0.391304347826087
KO2611144,0.14375
KO2611145,0.16556291390728478
KO2611146,0.05309734513274336
KO2611147,0.05309734513274336
KO2611148,0.08403361344537816
KO2611149,0.027777777777777776
KO2611150,0.2571428571428571
KO2611151,0.391304347826087
KO2611152,0.08270676691729323
KO2611153,0.08403361344537816
KO2611154,0.08403361344537816
KO2611155,0.027303754266211604
KO2611156,0.08403361344537816
KO2611157,0.027303754266211604
KO2611158,0.027303754266211604
KO2611159,0.16556291390728478
KO2611160,0.027303754266211604
KO2611161,0.027777777777777776
KO2611162,0.2571428571428571
KO2611163,0.14375
KO2611164,0.2571428571428571
KO2611165,0.027303754266211604
KO2611166,0.05309734513274336
KO2611167,0.027303754266211604
KO2611168,0.6666666666666666
KO2611169,0.14375
KO2611170,0.10884353741496598
KO2611171,0.0
KO2611172,0.08270676691729323
KO2611173,0.0
KO2611174,0.08403361344537816
KO2611175,0.25
KO2611176,0.16556291390728478
KO2611177,0.05309734513274336
KO2611178,0.10884353741496598
KO2611179,0.027777777777777776
KO2611180,0.14375
KO2611181,0.08270676691729323
KO2611182,0.05309734513274336
KO2611183,0.0
KO2611184,0.391304347826087
KO2611185,0.14375
KO2611186,0.16556291390728478
KO2611187,0.6859370985762345
KO2611188,0.027777777777777776
KO2611189,0.027303754266211604
KO2611190,0.027303754266211604
KO2611191,0.027303754266211604
KO2611192,0.027303754266211604
KO2611193,0.16556291390728478
KO2611194,0.027303754266211604
KO2611195,0.027303754266211604
KO2611196,0.027303754266211604
KO2611197,0.08270676691729323
KO2611198,0.14375
KO2611199,0.391304347826087
KO2611200,0.16556291390728478
KO2611201,0.14375
KO2611202,0.6666666666666666
KO2611203,0.14375
KO2611204,0.2571428571428571
KO2611205,0.027777777777777776
KO2611206,0.08403361344537816
KO2611207,0.14814814814814814
KO2611208,0.08403361344537816
KO2611209,0.08403361344537816
KO2611210,0.74468718089077
KO2611211,0.08270676691729323
KO2611212,0.14814814814814814
KO2611213,0.6666666666666666
KO2611214,0.05309734513274336
KO2611215,0.027303754266211604
KO2611216,0.10884353741496598
KO2611217,0.6666666666666666
KO2611218,0.027303754266211604
KO2611219,0.027303754266211604
KO2611220,0.14375
KO2611221,0.0
KO2611222,0.08403361344537816
KO2611223,1.0
KO2611224,0.14375
KO2611225,0.391304347826087
KO2611226,0.017094017094017096
KO2611227,0.027303754266211604
KO2611228,0.05309734513274336
KO2611229,0.05309734513274336
KO2611230,0.017094017094017096
KO2611231,0.05309734513274336
KO2611232,0.08403361344537816
KO2611233,0.05309734513274336
KO2611234,0.08403361344537816
KO2611235,0.08403361344537816
KO2611236,0.25
KO2611237,0.027303754266211604
KO2611238,0.027303754266211604
KO2611239,0.14375
KO2611240,0.14814814814814814
KO2611241,0.05309734513274336
KO2611242,0.14375
KO2611243,0.16556291390728478
KO2611244,0.08403361344537816
KO2611245,0.027303754266211604
KO2611246,0.05309734513274336
KO2611247,0.2571428571428571
KO2611248,0.391304347826087
KO2611249,0.027303754266211604
KO2611250,0.08403361344537816
KO2611251,0.25
KO2611252,0.027303754266211604
KO2611253,0.14375
KO2611254,0.027303754266211604
KO2611255,0.027777777777777776
KO2611256,0.0
KO2611257,0.08403361344537816
KO2611258,0.08403361344537816
KO2611259,0.14375
KO2611260,0.05309734513274336
KO2611261,0.25
KO2611262,0.25
KO2611263,0.08403361344537816
KO2611264,0.05309734513274336
KO2611265,0.16556291390728478
KO2611266,0.14814814814814814
KO2611267,0.25
KO2611268,0.027303754266211604
KO2611269,0.05309734513274336
KO2611270,0.10884353741496598
KO2611271,0.027303754266211604
KO2611272,0.05309734513274336
KO2611273,0.027777777777777776
KO2611274,0.391304347826087
KO2611275,0.0
KO2611276,0.10884353741496598
KO2611277,0.6666666666666666
KO2611278,0.0
KO2611279,0.08403361344537816
KO2611280,0.16556291390728478
KO2611281,0.08270676691729323
KO2611282,0.14375
KO2611283,0.14375
KO2611284,0.08270676691729323
KO2611285,0.14375
KO2611286,0.08403361344537816
KO2611287,0.08403361344537816
KO2611288,0.027303754266211604
KO2611289,0.08403361344537816
KO2611290,0.017094017094017096
KO2611291,0.0
KO2611292,0.2571428571428571
KO2611293,0.25
KO2611294,0.05309734513274336
KO2611295,0.2571428571428571
KO2611296,0.027303754266211604
KO2611297,0.14814814814814814
KO2611298,0.16556291390728478
KO2611299,0.05309734513274336
KO2611300,0.14814814814814814
KO2611301,0.027303754266211604
KO2611302,0.027777777777777776
KO2611303,0.027777777777777776
KO2611304,0.05309734513274336
KO2611305,0.05309734513274336
KO2611306,0.05309734513274336
KO2611307,0.2571428571428571
KO2611308,0.027777777777777776
KO2611309,0.25
KO2611310,0.027303754266211604
KO2611311,0.16556291390728478
KO2611312,0.027303754266211604
KO2611313,0.027303754266211604
KO2611314,0.0
KO2611315,0.16556291390728478
KO2611316,0.027777777777777776
KO2611317,0.08403361344537816
KO2611318,0.027777777777777776
KO2611319,0.10884353741496598
KO2611320,0.14814814814814814
KO2611321,0.08270676691729323
KO2611322,0.2571428571428571
KO2611323,0.027303754266211604
KO2611324,0.697580172868029
KO2611325,0.027303754266211604
KO2611326,0.05309734513274336
KO2611327,0.16556291390728478
KO2611328,0.0
KO2611329,0.2571428571428571
KO2611330,0.0
KO2611331,0.14814814814814814
KO2611332,0.05309734513274336
KO2611333,0.391304347826087
KO2611334,0.05309734513274336
KO2611335,0.027303754266211604
KO2611336,0.08403361344537816
KO2611337,0.027303754266211604
KO2611338,0.027303754266211604
KO2611339,0.05309734513274336
KO2611340,0.25
KO2611341,0.027303754266211604
KO2611342,0.16556291390728478
KO2611343,0.027303754266211604
KO2611344,0.2571428571428571
KO2611345,0.027777777777777776
KO2611346,0.2571428571428571
KO2611347,0.027303754266211604
KO2611348,0.6666666666666666
KO2611349,0.2571428571428571
KO2611350,0.027303754266211604
KO2611351,0.05309734513274336
KO2611352,0.16556291390728478
KO2611353,0.027303754266211604
KO2611354,0.14375
KO2611355,0.08270676691729323
KO2611356,0.14375
KO2611357,0.08403361344537816
KO2611358,0.027303754266211604
KO2611359,0.08403361344537816
KO2611360,0.05309734513274336
KO2611361,0.16556291390728478
KO2611362,0.16556291390728478
KO2611363,0.05309734513274336
KO2611364,0.027303754266211604
KO2611365,0.14375
KO2611366,0.10884353741496598
KO2611367,0.16556291390728478
KO2611368,0.05309734513274336
KO2611369,0.0
KO2611370,0.027303754266211604
KO2611371,0.05309734513274336
KO2611372,0.6666666666666666
KO2611373,0.0
KO2611374,0.027303754266211604
KO2611375,0.16556291390728478
KO2611376,0.08403361344537816
KO2611377,0.027303754266211604
KO2611378,0.16556291390728478
KO2611379,0.2571428571428571
KO2611380,0.08270676691729323
KO2611381,0.08403361344537816
KO2611382,0.16556291390728478
KO2611383,0.027303754266211604
KO2611384,0.08403361344537816
KO2611385,0.027303754266211604
KO2611386,0.16556291390728478
KO2611387,0.14814814814814814
KO2611388,0.08270676691729323
KO2611389,0.16556291390728478
KO2611390,0.027303754266211604
KO2611391,0.027303754266211604
KO2611392,0.05309734513274336
KO2611393,0.05309734513274336
KO2611394,0.10884353741496598
KO2611395,0.05309734513274336
KO2611396,0.16556291390728478
KO2611397,0.08270676691729323
KO2611398,0.391304347826087
KO2611399,0.2571428571428571
KO2611400,0.027303754266211604
KO2611401,0.10884353741496598
KO2611402,0.391304347826087
KO2611403,0.08403361344537816
KO2611404,0.027303754266211604
KO2611405,0.0
KO2611406,0.027777777777777776
KO2611407,0.027777777777777776
KO2611408,0.05309734513274336
KO2611409,0.05309734513274336
KO2611410,0.027303754266211604
KO2611411,0.05309734513274336
KO2611412,0.2571428571428571
KO2611413,0.027777777777777776
KO2611414,0.08403361344537816
KO2611415,0.14375
KO2611416,0.027303754266211604
KO2611417,0.027303754266211604
KO2611418,0.10884353741496598
KO2611419,0.027777777777777776
KO2611420,0.25
KO2611421,0.08270676691729323
KO2611422,0.017094017094017096
KO2611423,0.027777777777777776
KO2611424,0.0
KO2611425,0.08270676691729323
KO2611426,0.05309734513274336
KO2611427,0.08270676691729323
KO2611428,0.08403361344537816
KO2611429,0.027303754266211604
KO2611430,0.017094017094017096
KO2611431,0.10884353741496598
KO2611432,0.05309734513274336
KO2611433,0.6666666666666666
KO2611434,0.05309734513274336
KO2611435,0.08403361344537816
KO2611436,0.0
KO2611437,0.027303754266211604
KO2611438,0.0
KO2611439,0.25
KO2611440,0.05309734513274336
KO2611441,0.027303754266211604
KO2611442,0.08403361344537816
KO2611443,0.0
KO2611444,0.05309734513274336
KO2611445,0.10884353741496598
KO2611446,0.05309734513274336
KO2611447,0.08403361344537816
KO2611448,0.10884353741496598
KO2611449,0.027303754266211604
KO2611450,0.027303754266211604
KO2611451,0.14814814814814814
KO2611452,0.08403361344537816
KO2611453,0.391304347826087
KO2611454,0.05309734513274336
KO2611455,0.10884353741496598
KO2611456,0.05309734513274336
KO2611457,0.027303754266211604
KO2611458,0.027303754266211604
KO2611459,0.08270676691729323
KO2611460,0.08403361344537816
KO2611461,0.027303754266211604
KO2611462,0.05309734513274336
KO2611463,0.0
KO2611464,0.05309734513274336
KO2611465,0.05309734513274336
KO2611466,0.14375
KO2611467,0.16556291390728478
KO2611468,0.05309734513274336
KO2611469,0.05309734513274336
KO2611470,0.10884353741496598
KO2611471,0.16556291390728478
KO2611472,0.16556291390728478
KO2611473,0.25
KO2611474,0.027303754266211604
KO2611475,0.027303754266211604
KO2611476,0.05309734513274336
KO2611477,0.027303754266211604
KO2611478,0.05309734513274336
KO2611479,0.027303754266211604
KO2611480,0.08403361344537816
KO2611481,0.027303754266211604
KO2611482,0.027303754266211604
KO2611483,0.027303754266211604
KO2611484,0.027303754266211604
KO2611485,0.05309734513274336
KO2611486,0.25
KO2611487,0.05309734513274336
KO2611488,0.14375
KO2611489,0.08403361344537816
KO2611490,0.10884353741496598
KO2611491,0.14375
KO2611492,0.08403361344537816
KO2611493,0.05309734513274336
KO2611494,0.6666666666666666
KO2611495,0.05309734513274336
KO2611496,0.05309734513274336
KO2611497,0.08270676691729323
KO2611498,0.08403361344537816
KO2611499,0.14375
KO2611500,0.05309734513274336
KO2611501,0.017094017094017096
KO2611502,0.027303754266211604
KO2611503,0.16556291390728478
KO2611504,0.08270676691729323
KO2611505,0.16556291390728478
KO2611506,0.0
KO2611507,0.25
KO2611508,0.05309734513274336
KO2611509,0.16556291390728478
KO2611510,0.10884353741496598
KO2611511,0.2571428571428571
KO2611512,0.14814814814814814
KO2611513,0.14375
KO2611514,0.10884353741496598
KO2611515,0.08270676691729323
KO2611516,0.027303754266211604
KO2611517,0.027303754266211604
KO2611518,0.027303754266211604
KO2611519,0.08403361344537816
KO2611520,0.16556291390728478
KO2611521,0.017094017094017096
KO2611522,0.027303754266211604
KO2611523,0.16556291390728478
KO2611524,0.14814814814814814
KO2611525,0.027303754266211604
KO2611526,0.05309734513274336
KO2611527,0.027303754266211604
KO2611528,0.10884353741496598
KO2611529,0.027303754266211604
KO2611530,0.08270676691729323
KO2611531,0.08403361344537816
KO2611532,0.017094017094017096
KO2611533,0.017094017094017096
KO2611534,0.05309734513274336
KO2611535,0.14814814814814814
KO2611536,0.08403361344537816
KO2611537,0.027303754266211604
KO2611538,0.05309734513274336
KO2611539,0.05309734513274336
KO2611540,0.8572399046679593
KO2611541,0.027303754266211604
KO2611542,0.16556291390728478
KO2611543,0.08270676691729323
KO2611544,0.027303754266211604
KO2611545,0.027303754266211604
KO2611546,0.027777777777777776
KO2611547,0.0
KO2611548,0.05309734513274336
KO2611549,0.16556291390728478
KO2611550,0.027777777777777776
KO2611551,0.027303754266211604
KO2611552,0.0
KO2611553,0.0
KO2611554,0.027777777777777776
KO2611555,0.08270676691729323
KO2611556,0.027303754266211604
KO2611557,0.25
KO2611558,0.027303754266211604
KO2611559,0.7142857142857143
KO2611560,0.10884353741496598
KO2611561,0.25
KO2611562,0.027303754266211604
KO2611563,0.6666666666666666
KO2611564,0.08270676691729323
KO2611565,0.08403361344537816
KO2611566,0.0
KO2611567,0.2571428571428571
KO2611568,0.05309734513274336
KO2611569,0.14375
KO2611570,0.10884353741496598
KO2611571,0.027303754266211604
KO2611572,0.14814814814814814
KO2611573,0.027303754266211604
KO2611574,0.027777777777777776
KO2611575,0.027303754266211604
KO2611576,0.391304347826087
KO2611577,0.08270676691729323
KO2611578,0.6666666666666666
KO2611579,0.027777777777777776
KO2611580,0.391304347826087
KO2611581,0.05309734513274336
KO2611582,0.027303754266211604
KO2611583,0.08270676691729323
KO2611584,0.25
KO2611585,0.16556291390728478
KO2611586,0.08403361344537816
KO2611587,0.05309734513274336
KO2611588,0.027777777777777776
KO2611589,0.391304347826087
KO2611590,0.027303754266211604
KO2611591,0.14375
KO2611592,0.08403361344537816
KO2611593,0.391304347826087
KO2611594,0.14375
KO2611595,0.027303754266211604
KO2611596,0.10884353741496598
KO2611597,0.027303754266211604
KO2611598,0.14375
KO2611599,0.027777777777777776
KO2611600,0.05309734513274336
KO2611601,0.14375
KO2611602,0.08403361344537816
KO2611603,0.0
KO2611604,0.16556291390728478
KO2611605,0.027303754266211604
KO2611606,0.027303754266211604
KO2611607,0.14375
KO2611608,0.14375
KO2611609,0.2571428571428571
KO2611610,0.10884353741496598
KO2611611,0.08403361344537816
KO2611612,0.14814814814814814
KO2611613,0.14375
KO2611614,0.14375
KO2611615,0.16556291390728478
KO2611616,0.08403361344537816
KO2611617,0.14814814814814814
KO2611618,0.0
KO2611619,0.027303754266211604
KO2611620,0.08403361344537816
KO2611621,0.0
KO2611622,0.6666666666666666
KO2611623,0.027303754266211604
KO2611624,0.16556291390728478
KO2611625,0.027777777777777776
KO2611626,0.027303754266211604
KO2611627,0.05309734513274336
KO2611628,0.027777777777777776
KO2611629,0.0
KO2611630,0.05309734513274336
KO2611631,0.017094017094017096
KO2611632,0.6666666666666666
KO2611633,0.027303754266211604
KO2611634,0.027303754266211604
KO2611635,0.027303754266211604
KO2611636,0.08403361344537816
KO2611637,0.16556291390728478
KO2611638,0.10884353741496598
KO2611639,0.027777777777777776
KO2611640,0.14375
KO2611641,0.027303754266211604
KO2611642,0.25
KO2611643,0.9444585427534727
KO2611644,0.017094017094017096
KO2611645,0.391304347826087
KO2611646,0.08270676691729323
KO2611647,0.027777777777777776
KO2611648,0.05309734513274336
KO2611649,0.2571428571428571
KO2611650,0.027303754266211604
KO2611651,0.16556291390728478
KO2611652,0.10884353741496598
KO2611653,0.391304347826087
KO2611654,0.14375
KO2611655,0.14814814814814814
KO2611656,0.2571428571428571
KO2611657,0.027303754266211604
KO2611658,0.16556291390728478
KO2611659,0.08270676691729323
KO2611660,0.027777777777777776
KO2611661,0.017094017094017096
KO2611662,0.05309734513274336
KO2611663,0.16556291390728478
KO2611664,0.08403361344537816
KO2611665,0.14375
KO2611666,0.10884353741496598
KO2611667,0.0
KO2611668,0.027777777777777776
KO2611669,0.027777777777777776
KO2611670,0.25
KO2611671,0.08270676691729323
KO2611672,0.027303754266211604
KO2611673,0.10884353741496598
KO2611674,0.6666666666666666
KO2611675,0.14814814814814814
KO2611676,0.08270676691729323
KO2611677,0.25
KO2611678,0.25
KO2611679,0.027303754266211604
KO2611680,0.027777777777777776
KO2611681,0.25
KO2611682,0.017094017094017096
KO2611683,0.6666666666666666
KO2611684,0.08403361344537816
KO2611685,0.017094017094017096
KO2611686,0.2571428571428571
KO2611687,0.05309734513274336
KO2611688,0.08403361344537816
KO2611689,0.08403361344537816
KO2611690,0.05309734513274336
KO2611691,0.08403361344537816
KO2611692,0.05309734513274336
KO2611693,0.05309734513274336
KO2611694,1.0
KO2611695,0.10884353741496598
KO2611696,0.7531499533741752
KO2611697,0.14375
KO2611698,0.027777777777777776
KO2611699,0.05309734513274336
KO2611700,0.14814814814814814
KO2611701,0.027303754266211604
KO2611702,0.25
KO2611703,0.10884353741496598
KO2611704,0.027303754266211604
KO2611705,0.027777777777777776
KO2611706,0.25
KO2611707,0.027303754266211604
KO2611708,0.16556291390728478
KO2611709,0.14375
KO2611710,0.08403361344537816
KO2611711,0.16556291390728478
KO2611712,0.08270676691729323
KO2611713,0.0
KO2611714,0.10884353741496598
KO2611715,0.0
KO2611716,0.05309734513274336
KO2611717,0.14375
KO2611718,0.25
KO2611719,0.027303754266211604
KO2611720,0.25
KO2611721,0.25
KO2611722,0.6666666666666666
KO2611723,0.0
KO2611724,0.027777777777777776
KO2611725,0.027303754266211604
KO2611726,0.027777777777777776
KO2611727,0.027303754266211604
KO2611728,0.08270676691729323
KO2611729,0.027303754266211604
KO2611730,0.08403361344537816
KO2611731,0.14375
KO2611732,0.08270676691729323
KO2611733,0.16556291390728478
KO2611734,0.05309734513274336
KO2611735,0.05309734513274336
KO2611736,0.6666666666666666
KO2611737,0.08403361344537816
KO2611738,0.05309734513274336
KO2611739,0.027777777777777776
KO2611740,0.2571428571428571
KO2611741,0.14814814814814814
KO2611742,0.05309734513274336
KO2611743,0.08403361344537816
KO2611744,0.027303754266211604
KO2611745,0.05309734513274336
KO2611746,0.08403361344537816
KO2611747,0.14375
KO2611748,0.08270676691729323
KO2611749,0.14375
KO2611750,0.027303754266211604
KO2611751,0.027777777777777776
KO2611752,0.06354049030455482
KO2611753,0.05309734513274336
KO2611754,0.08403361344537816
KO2611755,0.027303754266211604
KO2611756,0.16556291390728478
KO2611757,0.08270676691729323
KO2611758,0.10884353741496598
KO2611759,0.027303754266211604
KO2611760,0.16556291390728478
KO2611761,0.391304347826087
KO2611762,0.10884353741496598
KO2611763,0.027303754266211604
KO2611764,0.16556291390728478
KO2611765,0.2571428571428571
KO2611766,0.05309734513274336
KO2611767,0.14375
KO2611768,0.2571428571428571
KO2611769,0.05309734513274336
KO2611770,0.391304347826087
KO2611771,0.027303754266211604
KO2611772,0.05309734513274336
KO2611773,0.05309734513274336
KO2611774,0.16556291390728478
KO2611775,0.08403361344537816
KO2611776,0.10884353741496598
KO2611777,0.14375
KO2611778,0.027303754266211604
KO2611779,0.08270676691729323
KO2611780,0.0
KO2611781,0.08403361344537816
KO2611782,0.05309734513274336
KO2611783,0.08403361344537816
KO2611784,0.391304347826087
KO2611785,0.08270676691729323
KO2611786,0.027303754266211604
KO2611787,0.0
KO2611788,0.027303754266211604
KO2611789,0.14375
KO2611790,0.2571428571428571
KO2611791,0.14375
KO2611792,0.08403361344537816
KO2611793,0.05309734513274336
KO2611794,0.391304347826087
KO2611795,0.16556291390728478
KO2611796,0.08403361344537816
KO2611797,0.08403361344537816
KO2611798,0.14814814814814814
KO2611799,0.391304347826087
KO2611800,0.16556291390728478
KO2611801,0.027303754266211604
KO2611802,0.08403361344537816
KO2611803,0.05309734513274336
KO2611804,0.25
KO2611805,0.10884353741496598
KO2611806,0.0
KO2611807,0.027777777777777776
KO2611808,0.027303754266211604
KO2611809,0.14814814814814814
KO2611810,0.02252290253171692
KO2611811,0.14375
KO2611812,0.16556291390728478
KO2611813,0.027303754266211604
KO2611814,0.0
KO2611815,0.08403361344537816
KO2611816,0.08270676691729323
KO2611817,0.05309734513274336
KO2611818,0.08270676691729323
KO2611819,0.391304347826087
KO2611820,0.391304347826087
KO2611821,0.05309734513274336
KO2611822,0.027777777777777776
KO2611823,0.0
KO2611824,0.32561749822037933
KO2611825,0.14814814814814814
KO2611826,0.027303754266211604
KO2611827,0.05309734513274336
KO2611828,0.16556291390728478
KO2611829,0.10884353741496598
KO2611830,0.08403361344537816
KO2611831,0.08270676691729323
KO2611832,0.017094017094017096
KO2611833,0.14375
KO2611834,0.10884353741496598
KO2611835,0.027303754266211604
KO2611836,0.16556291390728478
KO2611837,0.14375
KO2611838,0.14375
KO2611839,0.6666666666666666
KO2611840,0.16556291390728478
KO2611841,0.08403361344537816
KO2611842,0.08270676691729323
KO2611843,0.14375
KO2611844,0.25
KO2611845,0.08403361344537816
KO2611846,0.0
KO2611847,0.05309734513274336
KO2611848,0.6666666666666666
KO2611849,0.16556291390728478
KO2611850,0.027303754266211604
KO2611851,0.05309734513274336
KO2611852,0.027303754266211604
KO2611853,0.08270676691729323
KO2611854,0.05309734513274336
KO2611855,0.16556291390728478
KO2611856,0.25
KO2611857,0.14375
KO2611858,0.08403361344537816
KO2611859,0.027303754266211604
KO2611860,0.05309734513274336
KO2611861,0.08403361344537816
KO2611862,0.05309734513274336
KO2611863,0.027303754266211604
KO2611864,0.017094017094017096
KO2611865,0.391304347826087
KO2611866,0.10884353741496598
KO2611867,0.027303754266211604
KO2611868,0.027303754266211604
KO2611869,0.05309734513274336
KO2611870,0.0
KO2611871,0.027303754266211604
KO2611872,0.027303754266211604
KO2611873,0.05309734513274336
KO2611874,0.027303754266211604
KO2611875,0.16556291390728478
KO2611876,0.16556291390728478
KO2611877,0.027777777777777776
KO2611878,0.05309734513274336
KO2611879,0.0
KO2611880,0.027303754266211604
KO2611881,0.14375
KO2611882,0.391304347826087
KO2611883,0.25
KO2611884,0.05309734513274336
KO2611885,0.16556291390728478
KO2611886,0.08403361344537816
KO2611887,0.05309734513274336
KO2611888,0.027303754266211604
KO2611889,0.017094017094017096
KO2611890,0.391304347826087
KO2611891,0.391304347826087
KO2611892,0.08270676691729323
KO2611893,0.10884353741496598
KO2611894,0.16556291390728478
KO2611895,0.08403361344537816
KO2611896,0.027777777777777776
KO2611897,0.14375
KO2611898,0.027303754266211604
KO2611899,0.027303754266211604
KO2611900,0.027777777777777776
KO2611901,0.14375
KO2611902,0.16556291390728478
KO2611903,0.2571428571428571
KO2611904,0.08403361344537816
KO2611905,0.027303754266211604
KO2611906,0.16556291390728478
KO2611907,0.027777777777777776
KO2611908,0.16556291390728478
KO2611909,0.7142857142857143
KO2611910,0.08403361344537816
KO2611911,0.05309734513274336
KO2611912,0.017094017094017096
KO2611913,0.027777777777777776
KO2611914,0.6666666666666666
KO2611915,0.027303754266211604
KO2611916,0.05309734513274336
KO2611917,0.08403361344537816
KO2611918,0.027777777777777776
KO2611919,0.16556291390728478
KO2611920,0.08270676691729323
KO2611921,0.0
KO2611922,0.08403361344537816
KO2611923,0.08270676691729323
KO2611924,0.2571428571428571
KO2611925,0.027777777777777776
KO2611926,0.2571428571428571
KO2611927,0.08403361344537816
KO2611928,0.08270676691729323
KO2611929,0.16556291390728478
KO2611930,0.027303754266211604
KO2611931,0.0
KO2611932,0.14814814814814814
KO2611933,0.017094017094017096
KO2611934,0.08270676691729323
KO2611935,0.2571428571428571
KO2611936,0.14375
KO2611937,0.027777777777777776
KO2611938,0.08403361344537816
KO2611939,0.027303754266211604
KO2611940,0.08403361344537816
KO2611941,0.027777777777777776
KO2611942,0.16556291390728478
KO2611943,0.391304347826087
KO2611944,0.391304347826087
KO2611945,0.0
KO2611946,0.05309734513274336
KO2611947,0.05309734513274336
KO2611948,0.14375
KO2611949,0.08403361344537816
KO2611950,0.027777777777777776
KO2611951,0.0
KO2611952,0.027777777777777776
KO2611953,0.027303754266211604
KO2611954,0.0
KO2611955,0.027303754266211604
KO2611956,0.027777777777777776
KO2611957,0.25
KO2611958,0.027303754266211604
KO2611959,0.14375
KO2611960,0.027303754266211604
KO2611961,0.25
KO2611962,0.027303754266211604
KO2611963,0.027303754266211604
KO2611964,0.05309734513274336
KO2611965,0.08403361344537816
KO2611966,0.14814814814814814
KO2611967,0.08270676691729323
KO2611968,0.6666666666666666
KO2611969,0.05309734513274336
KO2611970,0.2571428571428571
KO2611971,0.10884353741496598
KO2611972,0.14814814814814814
KO2611973,0.10884353741496598
KO2611974,0.08403361344537816
KO2611975,0.08403361344537816
KO2611976,0.25
KO2611977,0.14375
KO2611978,0.0
KO2611979,0.08270676691729323
KO2611980,0.14375
KO2611981,0.08403361344537816
KO2611982,0.25
KO2611983,0.05309734513274336
KO2611984,0.25
KO2611985,0.027303754266211604
KO2611986,0.10884353741496598
KO2611987,0.16556291390728478
KO2611988,0.08403361344537816
KO2611989,0.16556291390728478
KO2611990,0.05309734513274336
KO2611991,0.08403361344537816
KO2611992,0.7142857142857143
KO2611993,0.05309734513274336
KO2611994,0.14375
KO2611995,0.027777777777777776
KO2611996,0.08270676691729323
KO2611997,0.027303754266211604
KO2611998,0.14375
KO2611999,0.017094017094017096
KO2612000,0.05309734513274336
KO2612001,0.08403361344537816
KO2612002,0.14375
KO2612003,0.08403361344537816
KO2612004,0.6840602502276073
KO2612005,0.027303754266211604
KO2612006,0.05309734513274336
KO2612007,0.05309734513274336
KO2612008,0.6666666666666666
KO2612009,0.08403361344537816
KO2612010,0.027777777777777776
KO2612011,0.05309734513274336
KO2612012,0.027777777777777776
KO2612013,0.16556291390728478
KO2612014,0.2571428571428571
KO2612015,0.08403361344537816
KO2612016,0.25
KO2612017,0.05309734513274336
KO2612018,0.08403361344537816
KO2612019,0.14375
KO2612020,0.25
KO2612021,0.05309734513274336
KO2612022,0.05309734513274336
KO2612023,0.6666666666666666
KO2612024,0.6666666666666666
KO2612025,0.05309734513274336
KO2612026,0.391304347826087
KO2612027,0.16556291390728478
KO2612028,1.0
KO2612029,0.391304347826087
KO2612030,0.027303754266211604
KO2612031,0.10884353741496598
KO2612032,0.391304347826087
KO2612033,0.05309734513274336
KO2612034,0.0
KO2612035,0.027777777777777776
KO2612036,0.05309734513274336
KO2612037,0.2571428571428571
KO2612038,0.2571428571428571
KO2612039,0.05309734513274336
KO2612040,0.10884353741496598
KO2612041,0.391304347826087
KO2612042,0.017094017094017096
KO2612043,0.027303754266211604
KO2612044,0.16556291390728478
KO2612045,0.017094017094017096
KO2612046,0.027303754266211604
KO2612047,0.027303754266211604
KO2612048,0.08403361344537816
KO2612049,0.027303754266211604
KO2612050,0.25
KO2612051,0.027303754266211604
KO2612052,0.2571428571428571
KO2612053,0.027777777777777776
KO2612054,0.027303754266211604
KO2612055,0.08270676691729323
KO2612056,0.05309734513274336
KO2612057,0.027303754266211604
KO2612058,0.14375
KO2612059,0.027303754266211604
KO2612060,0.027777777777777776
KO2612061,0.027303754266211604
KO2612062,0.16556291390728478
KO2612063,0.017094017094017096
KO2612064,0.391304347826087
KO2612065,0.08403361344537816
KO2612066,0.01915709340630986
KO2612067,0.05309734513274336
KO2612068,0.08403361344537816
KO2612069,0.05309734513274336
KO2612070,0.14814814814814814
KO2612071,0.391304347826087
KO2612072,0.027777777777777776
KO2612073,0.2571428571428571
KO2612074,0.08403361344537816
KO2612075,0.10884353741496598
KO2612076,0.08403361344537816
KO2612077,0.027303754266211604
KO2612078,0.027777777777777776
KO2612079,0.017094017094017096
KO2612080,0.14814814814814814
KO2612081,0.08403361344537816
KO2612082,0.391304347826087
KO2612083,0.391304347826087
KO2612084,0.25
KO2612085,0.027303754266211604
KO2612086,0.25
KO2612087,0.16556291390728478
KO2612088,0.0
KO2612089,0.027777777777777776
KO2612090,0.0
KO2612091,0.027303754266211604
KO2612092,0.6666666666666666
KO2612093,0.14814814814814814
KO2612094,0.05309734513274336
KO2612095,0.14375
KO2612096,0.14814814814814814
KO2612097,0.2571428571428571
KO2612098,0.017094017094017096
KO2612099,0.027777777777777776
KO2612100,0.14375
KO2612101,0.05309734513274336
KO2612102,0.08270676691729323
KO2612103,0.08403361344537816
KO2612104,0.027303754266211604
KO2612105,0.027303754266211604
KO2612106,0.05309734513274336
KO2612107,0.027303754266211604
KO2612108,0.25
KO2612109,0.16556291390728478
KO2612110,0.08403361344537816
KO2612111,0.0
KO2612112,0.16556291390728478
KO2612113,0.14375
KO2612114,0.0
KO2612115,0.14375
KO2612116,0.14814814814814814
KO2612117,0.05309734513274336
KO2612118,0.14375
KO2612119,0.027303754266211604
KO2612120,0.027303754266211604
KO2612121,0.08403361344537816
KO2612122,0.7383255811643662
KO2612123,0.25
KO2612124,0.027303754266211604
KO2612125,0.027777777777777776
KO2612126,0.2571428571428571
KO2612127,0.08403361344537816
KO2612128,0.027303754266211604
KO2612129,0.027303754266211604
KO2612130,0.16556291390728478
KO2612131,0.027303754266211604
KO2612132,0.05309734513274336
KO2612133,0.16556291390728478
KO2612134,0.05309734513274336
KO2612135,0.14375
KO2612136,0.16556291390728478
KO2612137,0.2571428571428571
KO2612138,0.08403361344537816
KO2612139,0.05309734513274336
KO2612140,0.027303754266211604
KO2612141,0.0
KO2612142,0.027777777777777776
KO2612143,0.0
KO2612144,0.16556291390728478
KO2612145,0.25
KO2612146,0.05309734513274336
KO2612147,0.6666666666666666
KO2612148,0.08403361344537816
KO2612149,0.027303754266211604
KO2612150,0.05309734513274336
KO2612151,0.05309734513274336
KO2612152,0.05309734513274336
KO2612153,0.391304347826087
KO2612154,0.10884353741496598
KO2612155,1.0
KO2612156,0.017094017094017096
KO2612157,0.0
KO2612158,0.027303754266211604
KO2612159,0.08403361344537816
KO2612160,0.10884353741496598
KO2612161,0.05309734513274336
KO2612162,0.027777777777777776
KO2612163,0.16556291390728478
KO2612164,0.05309734513274336
KO2612165,0.05309734513274336
KO2612166,0.8573665881499516
KO2612167,0.027303754266211604
KO2612168,0.027303754266211604
KO2612169,0.2571428571428571
KO2612170,0.08270676691729323
KO2612171,0.08270676691729323
KO2612172,0.027303754266211604
KO2612173,0.027303754266211604
KO2612174,0.10884353741496598
KO2612175,0.16556291390728478
KO2612176,0.08270676691729323
KO2612177,0.0480291254271997
KO2612178,0.05309734513274336
KO2612179,0.8388172214261612
KO2612180,0.08403361344537816
KO2612181,0.14375
KO2612182,0.027777777777777776
KO2612183,0.6666666666666666
KO2612184,0.05309734513274336
KO2612185,0.05309734513274336
KO2612186,0.16556291390728478
KO2612187,0.391304347826087
KO2612188,0.0
KO2612189,0.027777777777777776
KO2612190,0.0
KO2612191,0.027303754266211604
KO2612192,0.05309734513274336
KO2612193,0.05309734513274336
KO2612194,0.6666666666666666
KO2612195,0.10884353741496598
KO2612196,0.08403361344537816
KO2612197,0.027303754266211604
KO2612198,0.10884353741496598
KO2612199,0.027303754266211604
KO2612200,0.027303754266211604
KO2612201,0.16556291390728478
KO2612202,0.05309734513274336
KO2612203,0.08403361344537816
KO2612204,0.0
KO2612205,0.027777777777777776
KO2612206,0.6666666666666666
KO2612207,0.10884353741496598
KO2612208,0.10884353741496598
KO2612209,0.0
KO2612210,0.08403361344537816
KO2612211,0.08403361344537816
KO2612212,0.027303754266211604
KO2612213,0.14375
KO2612214,0.14375
KO2612215,0.10884353741496598
KO2612216,0.16556291390728478
KO2612217,0.14375
KO2612218,0.16556291390728478
KO2612219,0.05309734513274336
KO2612220,0.027303754266211604
KO2612221,0.027303754266211604
KO2612222,0.08403361344537816
KO2612223,0.16556291390728478
KO2612224,0.0
KO2612225,0.08613223153168034
KO2612226,0.027303754266211604
KO2612227,0.10884353741496598
KO2612228,0.027777777777777776
KO2612229,0.027303754266211604
KO2612230,0.027303754266211604
KO2612231,0.017094017094017096
KO2612232,0.08403361344537816
KO2612233,0.027303754266211604
KO2612234,0.017094017094017096
KO2612235,0.16556291390728478
KO2612236,0.027303754266211604
KO2612237,0.027777777777777776
KO2612238,0.08403361344537816
KO2612239,0.027777777777777776
KO2612240,0.8205059534403272
KO2612241,0.2571428571428571
KO2612242,0.05309734513274336
KO2612243,0.16556291390728478
KO2612244,0.14375
KO2612245,0.027777777777777776
KO2612246,0.2571428571428571
KO2612247,0.14375
KO2612248,0.25
KO2612249,0.10884353741496598
KO2612250,0.14375
KO2612251,0.027303754266211604
KO2612252,0.05309734513274336
KO2612253,0.16556291390728478
KO2612254,0.027777777777777776
KO2612255,0.027303754266211604
KO2612256,0.05309734513274336
KO2612257,0.14375
KO2612258,0.0
KO2612259,0.14375
KO2612260,0.391304347826087
KO2612261,0.391304347826087
KO2612262,0.05309734513274336
KO2612263,0.14814814814814814
KO2612264,0.027303754266211604
KO2612265,0.08403361344537816
KO2612266,0.16556291390728478
KO2612267,0.08403361344537816
KO2612268,0.7142857142857143
KO2612269,0.16556291390728478
KO2612270,0.027777777777777776
KO2612271,0.027777777777777776
KO2612272,0.25
KO2612273,0.16556291390728478
KO2612274,0.027303754266211604
KO2612275,0.391304347826087
KO2612276,0.14814814814814814
KO2612277,0.2571428571428571
KO2612278,0.16556291390728478
KO2612279,0.14814814814814814
KO2612280,0.2571428571428571
KO2612281,0.14375
KO2612282,0.027303754266211604
KO2612283,0.16556291390728478
KO2612284,0.16556291390728478
KO2612285,0.027777777777777776
KO2612286,0.05309734513274336
KO2612287,0.14375
KO2612288,0.14814814814814814
KO2612289,0.027777777777777776
KO2612290,0.027303754266211604
KO2612291,0.14375
KO2612292,0.027303754266211604
KO2612293,0.027303754266211604
KO2612294,0.027303754266211604
KO2612295,0.0
KO2612296,0.16556291390728478
KO2612297,0.14375
KO2612298,0.027303754266211604
KO2612299,0.027303754266211604
KO2612300,0.027303754266211604
KO2612301,0.08403361344537816
KO2612302,0.027303754266211604
KO2612303,0.027303754266211604
KO2612304,0.16556291390728478
KO2612305,0.05309734513274336
KO2612306,0.14375
KO2612307,0.7610084938613036
KO2612308,0.2571428571428571
KO2612309,0.08403361344537816
KO2612310,0.0
KO2612311,0.027303754266211604
KO2612312,0.027303754266211604
KO2612313,0.391304347826087
KO2612314,0.16556291390728478
KO2612315,0.25
KO2612316,0.027303754266211604
KO2612317,0.10884353741496598
KO2612318,0.2571428571428571
KO2612319,0.10884353741496598
KO2612320,0.0
KO2612321,0.027303754266211604
KO2612322,0.027777777777777776
KO2612323,0.0
KO2612324,0.16556291390728478
KO2612325,0.14814814814814814
KO2612326,0.08403361344537816
KO2612327,0.14375
KO2612328,0.05309734513274336
KO2612329,0.08270676691729323
KO2612330,0.027777777777777776
KO2612331,0.05309734513274336
KO2612332,0.027303754266211604
KO2612333,0.16556291390728478
KO2612334,0.08403361344537816
KO2612335,0.2571428571428571
KO2612336,0.027303754266211604
KO2612337,0.05309734513274336
KO2612338,0.027303754266211604
KO2612339,0.16556291390728478
KO2612340,0.14375
KO2612341,0.027303754266211604
KO2612342,0.14814814814814814
KO2612343,0.0
KO2612344,0.027303754266211604
KO2612345,0.14375
KO2612346,0.6666666666666666
KO2612347,0.2571428571428571
KO2612348,0.10884353741496598
KO2612349,0.05309734513274336
KO2612350,0.6666666666666666
KO2612351,0.14814814814814814
KO2612352,0.14375
KO2612353,0.05309734513274336
KO2612354,0.017094017094017096
KO2612355,0.08270676691729323
KO2612356,0.017094017094017096
KO2612357,0.7142857142857143
KO2612358,0.10884353741496598
KO2612359,0.05309734513274336
KO2612360,0.027303754266211604
KO2612361,0.08403361344537816
KO2612362,0.14375
KO2612363,0.027303754266211604
KO2612364,0.08403361344537816
KO2612365,0.08403361344537816
KO2612366,0.027303754266211604
KO2612367,0.05309734513274336
KO2612368,0.027777777777777776
KO2612369,0.0
KO2612370,0.027303754266211604
KO2612371,0.14375
KO2612372,0.027303754266211604
KO2612373,0.0
KO2612374,0.0
KO2612375,0.027303754266211604
KO2612376,0.08403361344537816
KO2612377,0.017094017094017096
KO2612378,0.16556291390728478
KO2612379,0.08403361344537816
KO2612380,0.2571428571428571
KO2612381,0.017094017094017096
KO2612382,0.2571428571428571
KO2612383,0.16556291390728478
KO2612384,0.027303754266211604
KO2612385,0.017094017094017096
KO2612386,0.14375
KO2612387,0.05309734513274336
KO2612388,0.05309734513274336
KO2612389,0.027303754266211604
KO2612390,0.08403361344537816
KO2612391,0.05309734513274336
KO2612392,0.05309734513274336
KO2612393,0.05309734513274336
KO2612394,0.027303754266211604
KO2612395,0.16556291390728478
KO2612396,0.05309734513274336
KO2612397,0.08270676691729323
KO2612398,0.14375
KO2612399,0.027777777777777776
KO2612400,0.16556291390728478
KO2612401,0.08403361344537816
KO2612402,0.027303754266211604
KO2612403,0.027777777777777776
KO2612404,0.2571428571428571
KO2612405,0.16556291390728478
KO2612406,0.10884353741496598
KO2612407,0.391304347826087
KO2612408,0.10884353741496598
KO2612409,0.391304347826087
KO2612410,0.05309734513274336
KO2612411,0.16556291390728478
KO2612412,0.08270676691729323
KO2612413,0.2571428571428571
KO2612414,0.08403361344537816
KO2612415,0.027303754266211604
KO2612416,0.027303754266211604
KO2612417,0.05309734513274336
KO2612418,0.05309734513274336
KO2612419,0.10884353741496598
KO2612420,0.027303754266211604
KO2612421,0.017094017094017096
KO2612422,0.14375
KO2612423,0.14814814814814814
KO2612424,0.0
KO2612425,0.08403361344537816
KO2612426,0.027303754266211604
KO2612427,0.05309734513274336
KO2612428,0.10884353741496598
KO2612429,0.6666666666666666
KO2612430,0.0
KO2612431,0.14375
KO2612432,0.16556291390728478
KO2612433,0.027777777777777776
KO2612434,0.14375
KO2612435,0.05309734513274336
KO2612436,0.05309734513274336
KO2612437,0.027303754266211604
KO2612438,0.05309734513274336
KO2612439,0.2571428571428571
KO2612440,0.05309734513274336
KO2612441,0.10884353741496598
KO2612442,0.14814814814814814
KO2612443,0.05309734513274336
KO2612444,0.027303754266211604
KO2612445,0.14814814814814814
KO2612446,0.05309734513274336
KO2612447,0.017094017094017096
KO2612448,0.027777777777777776
KO2612449,0.14375
KO2612450,0.2571428571428571
KO2612451,0.027303754266211604
KO2612452,0.10884353741496598
KO2612453,0.027303754266211604
KO2612454,0.16556291390728478
KO2612455,0.027303754266211604
KO2612456,0.10884353741496598
KO2612457,0.25
KO2612458,0.7142857142857143
KO2612459,0.25
KO2612460,0.08270676691729323
KO2612461,0.05309734513274336
KO2612462,0.14375
KO2612463,0.2571428571428571
KO2612464,0.08403361344537816
KO2612465,0.16556291390728478
KO2612466,0.14375
KO2612467,0.05309734513274336
KO2612468,0.2571428571428571
KO2612469,0.14375
KO2612470,0.08403361344537816
KO2612471,0.027303754266211604
KO2612472,0.05309734513274336
KO2612473,0.027303754266211604
KO2612474,0.08403361344537816
KO2612475,0.017094017094017096
KO2612476,0.027777777777777776
KO2612477,0.05309734513274336
KO2612478,0.2571428571428571
KO2612479,0.2571428571428571
KO2612480,0.2571428571428571
KO2612481,0.08270676691729323
KO2612482,0.027303754266211604
KO2612483,0.16556291390728478
KO2612484,0.10884353741496598
KO2612485,0.14375
KO2612486,0.16556291390728478
KO2612487,0.027303754266211604
KO2612488,0.027303754266211604
KO2612489,0.14814814814814814
KO2612490,0.08403361344537816
KO2612491,0.14375
KO2612492,0.027303754266211604
KO2612493,0.14814814814814814
KO2612494,0.0
KO2612495,0.05309734513274336
KO2612496,0.027303754266211604
KO2612497,0.017094017094017096
KO2612498,0.05309734513274336
KO2612499,0.08403361344537816
KO2612500,0.027303754266211604
KO2612501,0.05309734513274336
KO2612502,0.05309734513274336
KO2612503,0.05309734513274336
KO2612504,0.08403361344537816
KO2612505,0.05309734513274336
KO2612506,0.027303754266211604
KO2612507,0.0
KO2612508,0.0
KO2612509,0.0
KO2612510,0.391304347826087
KO2612511,0.05309734513274336
KO2612512,0.16556291390728478
KO2612513,0.25
KO2612514,0.027303754266211604
KO2612515,0.05309734513274336
KO2612516,0.14375
KO2612517,0.05309734513274336
KO2612518,0.05309734513274336
KO2612519,0.027303754266211604
KO2612520,0.14375
KO2612521,0.0
KO2612522,0.05309734513274336
KO2612523,0.2571428571428571
KO2612524,0.027777777777777776
KO2612525,0.05309734513274336
KO2612526,0.16556291390728478
KO2612527,0.0
KO2612528,0.391304347826087
KO2612529,0.0
KO2612530,0.08403361344537816
KO2612531,0.391304347826087
KO2612532,0.6666666666666666
KO2612533,0.0
KO2612534,0.25
KO2612535,0.08403361344537816
KO2612536,0.027777777777777776
KO2612537,0.14814814814814814
KO2612538,0.25
KO2612539,0.14375
KO2612540,0.0
KO2612541,0.08403361344537816
KO2612542,0.027777777777777776
KO2612543,0.16556291390728478
KO2612544,0.05309734513274336
KO2612545,0.05309734513274336
KO2612546,0.0
KO2612547,0.6793460595734325
KO2612548,0.2571428571428571
KO2612549,0.10884353741496598
KO2612550,0.25
KO2612551,0.10884353741496598
KO2612552,0.14814814814814814
KO2612553,0.05309734513274336
KO2612554,0.14375
KO2612555,0.03448597667334354
KO2612556,0.027303754266211604
KO2612557,0.2571428571428571
KO2612558,0.05309734513274336
KO2612559,0.08270676691729323
KO2612560,0.027777777777777776
KO2612561,0.08403361344537816
KO2612562,0.027777777777777776
KO2612563,0.08270676691729323
KO2612564,0.05309734513274336
KO2612565,0.027303754266211604
KO2612566,0.027303754266211604
KO2612567,0.05309734513274336
KO2612568,0.05309734513274336
KO2612569,0.05309734513274336
KO2612570,0.027303754266211604
KO2612571,0.14814814814814814
KO2612572,0.027777777777777776
KO2612573,0.25
KO2612574,0.16556291390728478
KO2612575,0.08270676691729323
KO2612576,0.027303754266211604
KO2612577,0.14375
KO2612578,0.05309734513274336
KO2612579,0.027303754266211604
KO2612580,0.08403361344537816
KO2612581,0.0
KO2612582,0.10884353741496598
KO2612583,0.027303754266211604
KO2612584,0.08403361344537816
KO2612585,0.14375
KO2612586,0.16556291390728478
KO2612587,0.10884353741496598
KO2612588,0.027303754266211604
KO2612589,0.0
KO2612590,0.2571428571428571
KO2612591,0.027777777777777776
KO2612592,0.16556291390728478
KO2612593,0.10884353741496598
KO2612594,0.027303754266211604
KO2612595,0.2571428571428571
KO2612596,0.16556291390728478
KO2612597,0.027303754266211604
KO2612598,0.14375
KO2612599,0.10884353741496598
