bin,mean_predicted_raw,observed_rate_raw,n_raw,mean_predicted_cal,observed_rate_cal,n_cal
0,0.03790701028342479,0.018779342723004695,213,0.020964360587002098,0.020964360587002098,477.0
1,0.045707192262572485,0.028169014084507043,213,0.04697986577181208,0.04697986577181208,447.0
2,0.056675322358804264,0.03773584905660377,212,0.08355795148247978,0.08355795148247978,371.0
3,0.06579620144319016,0.046948356807511735,213,0.1270358306188925,0.1270358306188925,307.0
4,0.07668989340808076,0.07547169811320754,212,0.15948275862068967,0.15948275862068967,232.0
5,0.09027343686101565,0.08450704225352113,213,0.25443786982248523,0.25443786982248523,169.0
6,0.10837859350378078,0.10849056603773585,212,0.5203252032520326,0.5203252032520326,123.0
7,0.1344873526907415,0.15492957746478872,213,,,
8,0.18155160856693106,0.19811320754716982,212,,,
9,0.3137394331374808,0.39906103286384975,213,,,
