t,n_called,share_called,returns_caught,recall,precision,net_inr,net_per_1000
0.01,2059,0.9685,245,1.0,0.119,5957.5,2802.21
0.015,2059,0.9685,245,1.0,0.119,5957.5,2802.21
0.02,1942,0.9135,243,0.9918,0.1251,10417.5,4900.05
0.025,1942,0.9135,243,0.9918,0.1251,10417.5,4900.05
0.03,1541,0.7248,232,0.9469,0.1506,24035.0,11305.27
0.035,1541,0.7248,232,0.9469,0.1506,24035.0,11305.27
0.04,1541,0.7248,232,0.9469,0.1506,24035.0,11305.27
0.045,1541,0.7248,232,0.9469,0.1506,24035.0,11305.27
0.05,1541,0.7248,232,0.9469,0.1506,24035.0,11305.27
0.055,1202,0.5654,214,0.8735,0.178,32045.0,15072.91
0.06,1202,0.5654,214,0.8735,0.178,32045.0,15072.91
0.065,1202,0.5654,214,0.8735,0.178,32045.0,15072.91
0.07,1202,0.5654,214,0.8735,0.178,32045.0,15072.91
0.075,1202,0.5654,214,0.8735,0.178,32045.0,15072.91
0.08,1202,0.5654,214,0.8735,0.178,32045.0,15072.91
0.085,831,0.3909,183,0.7469,0.2202,36262.5,17056.68
0.09,831,0.3909,183,0.7469,0.2202,36262.5,17056.68
0.095,831,0.3909,183,0.7469,0.2202,36262.5,17056.68
0.1,831,0.3909,183,0.7469,0.2202,36262.5,17056.68
0.105,831,0.3909,183,0.7469,0.2202,36262.5,17056.68
0.11,684,0.3217,167,0.6816,0.2442,36437.5,17138.99
0.115,684,0.3217,167,0.6816,0.2442,36437.5,17138.99
0.12,684,0.3217,167,0.6816,0.2442,36437.5,17138.99
0.125,684,0.3217,167,0.6816,0.2442,36437.5,17138.99
0.13,684,0.3217,167,0.6816,0.2442,36437.5,17138.99
0.135,684,0.3217,167,0.6816,0.2442,36437.5,17138.99
0.14,684,0.3217,167,0.6816,0.2442,36437.5,17138.99
0.145,524,0.2465,144,0.5878,0.2748,34380.0,16171.21
0.15,443,0.2084,132,0.5388,0.298,33195.0,15613.83
0.155,443,0.2084,132,0.5388,0.298,33195.0,15613.83
0.16,443,0.2084,132,0.5388,0.298,33195.0,15613.83
0.165,443,0.2084,132,0.5388,0.298,33195.0,15613.83
0.17,292,0.1373,107,0.4367,0.3664,29927.5,14076.9
0.175,292,0.1373,107,0.4367,0.3664,29927.5,14076.9
0.18,292,0.1373,107,0.4367,0.3664,29927.5,14076.9
0.185,292,0.1373,107,0.4367,0.3664,29927.5,14076.9
0.19,292,0.1373,107,0.4367,0.3664,29927.5,14076.9
0.195,292,0.1373,107,0.4367,0.3664,29927.5,14076.9
0.2,292,0.1373,107,0.4367,0.3664,29927.5,14076.9
0.205,292,0.1373,107,0.4367,0.3664,29927.5,14076.9
0.21,292,0.1373,107,0.4367,0.3664,29927.5,14076.9
0.215,292,0.1373,107,0.4367,0.3664,29927.5,14076.9
0.22,292,0.1373,107,0.4367,0.3664,29927.5,14076.9
0.225,292,0.1373,107,0.4367,0.3664,29927.5,14076.9
0.23,292,0.1373,107,0.4367,0.3664,29927.5,14076.9
0.235,292,0.1373,107,0.4367,0.3664,29927.5,14076.9
0.24,292,0.1373,107,0.4367,0.3664,29927.5,14076.9
0.245,292,0.1373,107,0.4367,0.3664,29927.5,14076.9
0.25,292,0.1373,107,0.4367,0.3664,29927.5,14076.9
0.255,228,0.1072,91,0.3714,0.3991,26367.5,12402.4
0.26,123,0.0579,64,0.2612,0.5203,20225.0,9513.17
0.265,123,0.0579,64,0.2612,0.5203,20225.0,9513.17
0.27,123,0.0579,64,0.2612,0.5203,20225.0,9513.17
0.275,123,0.0579,64,0.2612,0.5203,20225.0,9513.17
0.28,123,0.0579,64,0.2612,0.5203,20225.0,9513.17
0.285,123,0.0579,64,0.2612,0.5203,20225.0,9513.17
0.29,123,0.0579,64,0.2612,0.5203,20225.0,9513.17
0.295,123,0.0579,64,0.2612,0.5203,20225.0,9513.17
0.3,123,0.0579,64,0.2612,0.5203,20225.0,9513.17
0.305,123,0.0579,64,0.2612,0.5203,20225.0,9513.17
0.31,123,0.0579,64,0.2612,0.5203,20225.0,9513.17
0.315,123,0.0579,64,0.2612,0.5203,20225.0,9513.17
0.32,123,0.0579,64,0.2612,0.5203,20225.0,9513.17
0.325,123,0.0579,64,0.2612,0.5203,20225.0,9513.17
0.33,123,0.0579,64,0.2612,0.5203,20225.0,9513.17
0.335,123,0.0579,64,0.2612,0.5203,20225.0,9513.17
0.34,123,0.0579,64,0.2612,0.5203,20225.0,9513.17
0.345,123,0.0579,64,0.2612,0.5203,20225.0,9513.17
0.35,123,0.0579,64,0.2612,0.5203,20225.0,9513.17
0.355,123,0.0579,64,0.2612,0.5203,20225.0,9513.17
0.36,123,0.0579,64,0.2612,0.5203,20225.0,9513.17
0.365,123,0.0579,64,0.2612,0.5203,20225.0,9513.17
0.37,123,0.0579,64,0.2612,0.5203,20225.0,9513.17
0.375,123,0.0579,64,0.2612,0.5203,20225.0,9513.17
0.38,123,0.0579,64,0.2612,0.5203,20225.0,9513.17
0.385,123,0.0579,64,0.2612,0.5203,20225.0,9513.17
0.39,123,0.0579,64,0.2612,0.5203,20225.0,9513.17
0.395,54,0.0254,37,0.151,0.6852,12462.5,5861.95
0.4,54,0.0254,37,0.151,0.6852,12462.5,5861.95
0.405,54,0.0254,37,0.151,0.6852,12462.5,5861.95
0.41,54,0.0254,37,0.151,0.6852,12462.5,5861.95
0.415,54,0.0254,37,0.151,0.6852,12462.5,5861.95
0.42,54,0.0254,37,0.151,0.6852,12462.5,5861.95
0.425,54,0.0254,37,0.151,0.6852,12462.5,5861.95
0.43,54,0.0254,37,0.151,0.6852,12462.5,5861.95
0.435,54,0.0254,37,0.151,0.6852,12462.5,5861.95
0.44,54,0.0254,37,0.151,0.6852,12462.5,5861.95
0.445,54,0.0254,37,0.151,0.6852,12462.5,5861.95
0.45,54,0.0254,37,0.151,0.6852,12462.5,5861.95
0.455,54,0.0254,37,0.151,0.6852,12462.5,5861.95
0.46,54,0.0254,37,0.151,0.6852,12462.5,5861.95
0.465,54,0.0254,37,0.151,0.6852,12462.5,5861.95
0.47,54,0.0254,37,0.151,0.6852,12462.5,5861.95
0.475,54,0.0254,37,0.151,0.6852,12462.5,5861.95
0.48,54,0.0254,37,0.151,0.6852,12462.5,5861.95
0.485,54,0.0254,37,0.151,0.6852,12462.5,5861.95
0.49,54,0.0254,37,0.151,0.6852,12462.5,5861.95
0.495,54,0.0254,37,0.151,0.6852,12462.5,5861.95
0.5,54,0.0254,37,0.151,0.6852,12462.5,5861.95
0.505,54,0.0254,37,0.151,0.6852,12462.5,5861.95
0.51,54,0.0254,37,0.151,0.6852,12462.5,5861.95
0.515,54,0.0254,37,0.151,0.6852,12462.5,5861.95
0.52,54,0.0254,37,0.151,0.6852,12462.5,5861.95
0.525,54,0.0254,37,0.151,0.6852,12462.5,5861.95
0.53,54,0.0254,37,0.151,0.6852,12462.5,5861.95
0.535,54,0.0254,37,0.151,0.6852,12462.5,5861.95
0.54,54,0.0254,37,0.151,0.6852,12462.5,5861.95
0.545,54,0.0254,37,0.151,0.6852,12462.5,5861.95
0.55,54,0.0254,37,0.151,0.6852,12462.5,5861.95
0.555,54,0.0254,37,0.151,0.6852,12462.5,5861.95
0.56,54,0.0254,37,0.151,0.6852,12462.5,5861.95
0.565,54,0.0254,37,0.151,0.6852,12462.5,5861.95
0.57,54,0.0254,37,0.151,0.6852,12462.5,5861.95
0.575,54,0.0254,37,0.151,0.6852,12462.5,5861.95
0.58,54,0.0254,37,0.151,0.6852,12462.5,5861.95
0.585,54,0.0254,37,0.151,0.6852,12462.5,5861.95
0.59,54,0.0254,37,0.151,0.6852,12462.5,5861.95
0.595,54,0.0254,37,0.151,0.6852,12462.5,5861.95
0.6,54,0.0254,37,0.151,0.6852,12462.5,5861.95
0.605,54,0.0254,37,0.151,0.6852,12462.5,5861.95
0.61,54,0.0254,37,0.151,0.6852,12462.5,5861.95
0.615,54,0.0254,37,0.151,0.6852,12462.5,5861.95
0.62,54,0.0254,37,0.151,0.6852,12462.5,5861.95
0.625,54,0.0254,37,0.151,0.6852,12462.5,5861.95
0.63,54,0.0254,37,0.151,0.6852,12462.5,5861.95
0.635,54,0.0254,37,0.151,0.6852,12462.5,5861.95
0.64,54,0.0254,37,0.151,0.6852,12462.5,5861.95
0.645,54,0.0254,37,0.151,0.6852,12462.5,5861.95
0.65,54,0.0254,37,0.151,0.6852,12462.5,5861.95
0.655,54,0.0254,37,0.151,0.6852,12462.5,5861.95
0.66,54,0.0254,37,0.151,0.6852,12462.5,5861.95
0.665,54,0.0254,37,0.151,0.6852,12462.5,5861.95
0.67,9,0.0042,7,0.0286,0.7778,2412.5,1134.76
0.675,9,0.0042,7,0.0286,0.7778,2412.5,1134.76
0.68,9,0.0042,7,0.0286,0.7778,2412.5,1134.76
0.685,9,0.0042,7,0.0286,0.7778,2412.5,1134.76
0.69,9,0.0042,7,0.0286,0.7778,2412.5,1134.76
0.695,9,0.0042,7,0.0286,0.7778,2412.5,1134.76
0.7,9,0.0042,7,0.0286,0.7778,2412.5,1134.76
0.705,9,0.0042,7,0.0286,0.7778,2412.5,1134.76
0.71,9,0.0042,7,0.0286,0.7778,2412.5,1134.76
0.715,2,0.0009,2,0.0082,1.0,715.0,336.31
0.72,2,0.0009,2,0.0082,1.0,715.0,336.31
0.725,2,0.0009,2,0.0082,1.0,715.0,336.31
0.73,2,0.0009,2,0.0082,1.0,715.0,336.31
0.735,2,0.0009,2,0.0082,1.0,715.0,336.31
0.74,2,0.0009,2,0.0082,1.0,715.0,336.31
0.745,2,0.0009,2,0.0082,1.0,715.0,336.31
0.75,2,0.0009,2,0.0082,1.0,715.0,336.31
0.755,2,0.0009,2,0.0082,1.0,715.0,336.31
0.76,2,0.0009,2,0.0082,1.0,715.0,336.31
0.765,2,0.0009,2,0.0082,1.0,715.0,336.31
0.77,2,0.0009,2,0.0082,1.0,715.0,336.31
0.775,2,0.0009,2,0.0082,1.0,715.0,336.31
0.78,2,0.0009,2,0.0082,1.0,715.0,336.31
0.785,2,0.0009,2,0.0082,1.0,715.0,336.31
0.79,2,0.0009,2,0.0082,1.0,715.0,336.31
0.795,2,0.0009,2,0.0082,1.0,715.0,336.31
0.8,2,0.0009,2,0.0082,1.0,715.0,336.31
0.805,2,0.0009,2,0.0082,1.0,715.0,336.31
0.81,2,0.0009,2,0.0082,1.0,715.0,336.31
0.815,2,0.0009,2,0.0082,1.0,715.0,336.31
0.82,2,0.0009,2,0.0082,1.0,715.0,336.31
0.825,2,0.0009,2,0.0082,1.0,715.0,336.31
0.83,2,0.0009,2,0.0082,1.0,715.0,336.31
0.835,2,0.0009,2,0.0082,1.0,715.0,336.31
0.84,2,0.0009,2,0.0082,1.0,715.0,336.31
0.845,2,0.0009,2,0.0082,1.0,715.0,336.31
0.85,2,0.0009,2,0.0082,1.0,715.0,336.31
0.855,2,0.0009,2,0.0082,1.0,715.0,336.31
0.86,2,0.0009,2,0.0082,1.0,715.0,336.31
0.865,2,0.0009,2,0.0082,1.0,715.0,336.31
0.87,2,0.0009,2,0.0082,1.0,715.0,336.31
0.875,2,0.0009,2,0.0082,1.0,715.0,336.31
0.88,2,0.0009,2,0.0082,1.0,715.0,336.31
0.885,2,0.0009,2,0.0082,1.0,715.0,336.31
0.89,2,0.0009,2,0.0082,1.0,715.0,336.31
0.895,2,0.0009,2,0.0082,1.0,715.0,336.31
0.9,2,0.0009,2,0.0082,1.0,715.0,336.31
0.905,2,0.0009,2,0.0082,1.0,715.0,336.31
0.91,2,0.0009,2,0.0082,1.0,715.0,336.31
0.915,2,0.0009,2,0.0082,1.0,715.0,336.31
0.92,2,0.0009,2,0.0082,1.0,715.0,336.31
0.925,2,0.0009,2,0.0082,1.0,715.0,336.31
0.93,2,0.0009,2,0.0082,1.0,715.0,336.31
0.935,2,0.0009,2,0.0082,1.0,715.0,336.31
0.94,2,0.0009,2,0.0082,1.0,715.0,336.31
0.945,2,0.0009,2,0.0082,1.0,715.0,336.31
0.95,2,0.0009,2,0.0082,1.0,715.0,336.31
0.955,2,0.0009,2,0.0082,1.0,715.0,336.31
0.96,2,0.0009,2,0.0082,1.0,715.0,336.31
0.965,2,0.0009,2,0.0082,1.0,715.0,336.31
0.97,2,0.0009,2,0.0082,1.0,715.0,336.31
0.975,2,0.0009,2,0.0082,1.0,715.0,336.31
0.98,2,0.0009,2,0.0082,1.0,715.0,336.31
0.985,2,0.0009,2,0.0082,1.0,715.0,336.31
0.99,2,0.0009,2,0.0082,1.0,715.0,336.31
0.995,2,0.0009,2,0.0082,1.0,715.0,336.31
