p,ev_call,ev_hold_margin_0,ev_hold_margin_375,ev_hold_margin_800,ev_hold_margin_1500
0.05,-24.88,6.9,-35.85,-84.3,-164.1
0.1,-4.75,13.8,-26.7,-72.6,-148.2
0.15,15.38,20.7,-17.55,-60.9,-132.3
0.2,35.5,27.6,-8.4,-49.2,-116.4
0.25,55.62,34.5,0.75,-37.5,-100.5
0.3,75.75,41.4,9.9,-25.8,-84.6
0.35,95.88,48.3,19.05,-14.1,-68.7
0.4,116.0,55.2,28.2,-2.4,-52.8
0.45,136.12,62.1,37.35,9.3,-36.9
0.5,156.25,69.0,46.5,21.0,-21.0
0.55,176.38,75.9,55.65,32.7,-5.1
0.6,196.5,82.8,64.8,44.4,10.8
0.65,216.63,89.7,73.95,56.1,26.7
0.7,236.75,96.6,83.1,67.8,42.6
0.75,256.88,103.5,92.25,79.5,58.5
0.8,277.0,110.4,101.4,91.2,74.4
0.85,297.13,117.3,110.55,102.9,90.3
0.9,317.25,124.2,119.7,114.6,106.2
0.95,337.38,131.1,128.85,126.3,122.1
